{
  "serverku.biz.id": {
    "zone": "4e4feaba70b41ed78295d2dcc090dd3a",
    "apitoken": "CcavVSmQ6ZcGSrTnOos-oXnawq4yf86TUhmQW29S"
  },
  "vipserver.web.id": {
    "zone": "e305b750127749c9b80f41a9cf4a3a53",
    "apitoken": "N-cpny6vwi620Tfq4vTF4KGjeJIXdUCax3dZArCqnT"
  },
  "schnuffelll.my.id": {
    "zone": "53be8af2447f2175ce16996fa46baa6a",
    "apitoken": "sqSAAdoV1m2A_MMZHplGCxY7_jNVbxVKDHajO9aU"
  },
  "schnuffelll.biz.id": {
    "zone": "e60b92c7063159d79c28342a1e2ead44",
    "apitoken": "UOc_ZFuPXf6N2cAeUpLpB3m5uktM6XdfIbn8sCRg"
  },
  "schnuffelll.shop": {
    "zone": "afbdb81bacc583c795e7d5c512dc150b",
    "apitoken": "_MrbTpA_IYQSuLzY6EP9LyU-7F8vPMSI5siW-TXJ"
  }
}